좋,105
재밌,73
없,54
같,51
재미있,49
이렇,22
멋지,20
많,19
무섭,17
아름답,16
괜찮,16
낮,15
귀엽,14
어리,14
이쁘,12
그렇,11
아쉽,10
슬프,9
깊,9
힘들,7
멋있,6
엄청나,5
높,5
어떻,5
크,5
젊,4
가볍,4
아프,4
쉽,4
두렵,4
짧,4
잘생기,3
예쁘,3
진하,3
안타깝,3
어렵,3
새롭,3
아리,3
낫,3
빠르,3
무겁,2
그립,2
재미없,2
길,2
다르,2
짙,2
저렇,2
심하,2
강하,2
똑같,2
즐겁,2
차갑,2
더럽,2
뛰어나,2
작,2
지나치,2
가깝,2
나쁘,2
드물,1
빼어나,1
묘하,1
싫,1
기막히,1
놀랍,1
색다르,1
뒤늦,1
어리석,1
멀,1
매끄럽,1
시덥,1
구리,1
역겹,1
싱겁,1
못되,1
옳,1
날카롭,1
끈질기,1
착하,1
세차,1
밝,1
시끄럽,1
적,1
어둡,1
못하,1
검,1
어이없,1
뜨겁,1
반갑,1
부럽,1
싱그럽,1
급하,1
약하,1
악하,1
시리,1
뼈저리,1
